CREATE DATABASE pivotguarddb;
\c pivotguarddb;
CREATE TABLE ServiceType (
  Name varchar(50) NOT NULL,
  PRIMARY KEY (Name)
);

CREATE TABLE Site (
  ID serial NOT NULL,
  URL varchar(100) UNIQUE,
  Name varchar(80),
  IsCompromised boolean NOT NULL,
  ServiceType varchar(50),
  description varchar(350),
  PRIMARY KEY (ID),
  FOREIGN KEY (ServiceType) REFERENCES ServiceType(Name) DEFERRABLE INITIALLY DEFERRED
);

CREATE TABLE ThreatType (
  ID serial NOT NULL,
  Name varchar(40) NOT NULL UNIQUE,
  PRIMARY KEY (ID)
);

CREATE TABLE Threat (
  SiteID int NOT NULL,
  ThreatID int NOT NULL,
  PRIMARY KEY (SiteID, ThreatID),
  FOREIGN KEY (SiteID) REFERENCES Site(ID) DEFERRABLE INITIALLY DEFERRED,
  FOREIGN KEY (ThreatID) REFERENCES ThreatType(ID) DEFERRABLE INITIALLY DEFERRED
);

BEGIN;
INSERT INTO ServiceType(Name)
  VALUES ('AI Assistant'),
  ('Cloud Storage'),
  ('Dating Apps'),
  ('Design Tools'),
  ('Email'),
  ('File Sharing'),
  ('Fitness and Health'),
  ('Forms'),
  ('Home Assistants'),
  ('Image Generation'),
  ('Instant Messaging'),
  ('Location Tracking'),
  ('Maps and Nav'),
  ('Menstrual Cycle Trackers'),
  ('Music Recognition'),
  ('Music Streaming'),
  ('Office'),
  ('Password Managers'),
  ('Podcast'),
  ('TikTok'),
  ('URL Shortener'),
  ('Video Streaming');

ALTER SEQUENCE ThreatType_id_seq
  RESTART WITH 1;

INSERT INTO ThreatType(Name)
  VALUES ('Privacy Policy'),
  ('Trackers'),
  ('Bad Encryption'),
  ('Requires Many Permissions'),
  ('Data Breach'),
  ('Invasive Algorithms'),
  ('Analytics');

ALTER SEQUENCE Site_id_seq
    RESTART WITH 1;

INSERT INTO Site (URL, Name, IsCompromised, ServiceType, Description) VALUES
  ('openai.com', 'OpenAI', TRUE, 'AI Assistant', NULL),
  ('copilot.microsoft.com', 'Copilot', TRUE, 'AI Assistant', NULL),
  ('drive.google.com', 'Google Drive', TRUE, 'Cloud Storage', 'Google owned, so privacy policy is very bad. The data is stored in their remote servers where you lose control of it. They use trackers. No encryption available.'),
  ('dropbox.com', 'Dropbox', TRUE, 'Cloud Storage', 'Bad privacy policy. The app has various trackers and requires many permissions.'),
  ('onedrive.com', 'OneDrive', TRUE, 'Cloud Storage', 'Microsoft owned, privacy policy is very bad. The data is stored in their remote servers where you lose control of it. They use trackers. No encryption available.'),
  ('tinder.com', 'Tinder', TRUE, 'Dating Apps', NULL),
  ('grinder.com', 'Grindr', TRUE, 'Dating Apps', NULL),
  ('badoo.com', 'Badoo', TRUE, 'Dating Apps', NULL),
  ('lovoo.com', 'Lovoo', TRUE, 'Dating Apps', NULL),
  ('adobe.com', 'Adobe', TRUE, 'Design Tools', NULL),
  ('gmail.com', 'Gmail', TRUE, 'Email', NULL),
  ('outlook.com', 'Outlook', TRUE, 'Email', NULL),
  ('yandex.com', 'Yandex Mail', TRUE, 'Email', NULL),
  ('yahoo.com', 'Yahoo! Mail', TRUE, 'Email', NULL),
  ('wetransfer.com', 'WeTransfer', TRUE, 'File Sharing', 'Bad privacy policy. Files are not e2e encrypted. Website has many analytics and trackers.'),
  ('send-anywhere.com', 'SendAnywhere', TRUE, 'File Sharing', 'No e2e encryption. Website has loads of analytics and trackers from Facebook, Google, Cloudflare...'),
  ('fitbit.com', 'Fitbit', TRUE, 'Fitness and Health', NULL),
  ('google.com/forms', 'Google Forms', TRUE, 'Forms', NULL),
  ('home.google.com', 'Google Home', TRUE, 'Home Assistants', NULL),
  ('alexa.amazon.com', 'Alexa', TRUE, 'Home Assistants', NULL),
  ('apple.com/siri', 'Siri', TRUE, 'Home Assistants', NULL),
  ('midjourney.com', 'MidJourney', TRUE, 'Image Generation', NULL),
  ('whatsapp.com', 'WhatsApp', TRUE, 'Instant Messaging', NULL),
  ('instagram.com', 'Instagram DM', TRUE, 'Instant Messaging', NULL),
  ('messenger.com', 'Facebook Messenger', TRUE, 'Instant Messaging', NULL),
  ('skype.com', 'Skype', TRUE, 'Instant Messaging', NULL),
  ('zoom.com', 'Zoom', TRUE, 'Instant Messaging', NULL),
  ('chat.google.com', 'Google Chat', TRUE, 'Instant Messaging', NULL),
  ('google.com/android/find', 'Find My Device - Google', TRUE, 'Location Tracking', NULL),
  ('google.com/maps', 'Google Maps', TRUE, 'Maps and Nav', NULL),
  ('apple.com/maps', 'Apple Maps', TRUE, 'Maps and Nav', NULL),
  ('yandex.com/maps', 'Yandex Maps', TRUE, 'Maps and Nav', NULL),
  ('bing.com/maps', 'Bing Maps', TRUE, 'Maps and Nav', NULL),
  ('waze.com', 'Waze', TRUE, 'Maps and Nav', NULL),
  ('sygic.com', 'Sygic', TRUE, 'Maps and Nav', NULL),
  ('wego.here.com', 'HERE WeGo', TRUE, 'Maps and Nav', NULL),
  ('petalmaps.com', 'Petal Maps', TRUE, 'Maps and Nav', NULL),
  ('helloclue.com', 'Clue', TRUE, 'Menstrual Cycle Trackers', NULL),
  ('shazam.com', 'Shazam', TRUE, 'Music Recognition', 'It''s under Apple''s privacy policy. The android app has a few Google trackers.'),
  ('soundhound.com', 'SoundHound', TRUE, 'Music Recognition', 'Has way too many trackers for a music recognition app'),
  ('music.amazon.com', 'Amazon Music', TRUE, 'Music Streaming', NULL),
  ('spotify.com', 'Spotify', TRUE, 'Music Streaming', 'Very bad privacy policy. Apps have many trackers. Way too many permissions are required for a streaming app.'),
  ('soundcloud.com', 'Soundcloud', TRUE, 'Music Streaming', 'Dubitous priavcy policy. Apps have many trackers. Way too many permissions are required for a streaming app.'),
  ('music.youtube.com', 'Youtube Music', TRUE, 'Music Streaming', NULL),
  ('office.com', 'Microsoft Office', TRUE, 'Office', NULL),
  ('docs.google.com', 'Google Docs', TRUE, 'Office', NULL),
  ('lastpass.com', 'LastPass', TRUE, 'Password Managers', NULL),
  ('dashlane.com', 'Dashlane', TRUE, 'Password Managers', NULL),
  ('ivoox.com', 'iVoox', TRUE, 'Podcast', NULL),
  ('audible.com', 'Audible', TRUE, 'Podcast', NULL),
  ('deezer.com', 'Deezer', TRUE, 'Podcast', NULL),
  ('tiktok.com', 'TikTok', TRUE, 'TikTok', NULL),
  ('bit.ly', 'Bitly', TRUE, 'URL Shortener', NULL),
  ('netflix.com', 'Netflix', TRUE, 'Video Streaming', 'Bad privacy policy. Apps have Google trackers. Many permissions are required for a streaming app.'),
  ('disneyplus.com', 'Disney Plus', TRUE, 'Video Streaming', 'Very bad privacy policy. Apps have various trackers. Many permissions are required for a streaming app.'),
  ('plex.tv', 'Plex', TRUE, 'Video Streaming', 'Dubitous privacy policy. Apps have many trackers. Way too many permissions are required for a streaming app.'),
  ('amazon.com', 'Amazon', TRUE, 'Video Streaming', 'Bad privacy policy. Apps have Google trackers. Many permissions are required for a streaming app.'),
  ('https://github.com/ggerganov/llama.cpp', 'Llama.cpp', FALSE, 'AI Assistant', 'Inference of Facebook''s LLaMA model in pure C/C++ so it can run locally on a CPU.'),
  ('https://github.com/janhq/jan', 'Jan', FALSE, 'AI Assistant', 'Jan is an open source alternative to ChatGPT that runs 100% offline on your computer.'),
  ('https://github.com/go-skynet/LocalAI', 'LocalAI', FALSE, 'AI Assistant', 'Self-hosted, community-driven simple local OpenAI-compatible API written in go. Can be used as a drop-in replacement for OpenAI, running on CPU with consumer-grade hardware.'),
  ('https://github.com/jmorganca/ollama', 'OLlama', FALSE, 'AI Assistant', 'Get up and running with Llama 2 and other large language models locally.'),
  ('https://github.com/continuedev/continue', 'Continue', FALSE, 'AI Assistant', 'Open-source autopilot for VS Code and JetBrains—the easiest way to code with any LLM'),
  ('https://github.com/fauxpilot/fauxpilot', 'FauxPilot', FALSE, 'AI Assistant', 'an open-source,local alternative to GitHub Copilot server'),
  ('https://github.com/danielgross/localpilot', 'LocalPilot', FALSE, 'AI Assistant', 'Use GitHub Copilot locally on your Macbook with one-click.'),
  ('https://github.com/ravenscroftj/turbopilot', 'TurboPilot', FALSE, 'AI Assistant', '[Archived] Turbopilot is an open source large-language-model based code completion engine that runs locally on CPU.'),
  ('https://nextcloud.com/', 'NextCloud', FALSE, 'Cloud Storage', 'The open source self-hosted productivity platform that keeps you in control.'),
  ('https://www.seafile.com/en/home/', 'SeaFile', FALSE, 'Cloud Storage', 'High performance file syncing and sharing. It includes a Wiki, WYSIWYG editing and other knowledge management features.'),
  ('https://peergos.org/', 'Peergos', FALSE, 'Cloud Storage', 'Secure and private space online where you can store, share and view your photos, videos, music and documents. Also includes a calendar, news feed, task lists, chat and email client. Open source and self-hostable.'),
  ('https://proton.me/drive', 'Proton Drive', FALSE, 'Cloud Storage', 'End-to-end encrypted Swiss vault for your files that protects your data.'),
  ('https://private.storage/', 'PrivateStorage', FALSE, 'Cloud Storage', 'Accountless, privacy-focused cloud storage and folder synchronization with client-side encryption.'),
  ('https://cryptomator.org/', 'Cryptomator', FALSE, 'Cloud Storage', 'Cryptomator encrypts your data quickly and easily. Afterwards you upload them protected to your favorite cloud service'),
  ('https://syncthing.net/', 'Syncthing', FALSE, 'Cloud Storage', 'Continuous file synchronization program. It synchronizes files between two or more computers in real time, safely protected from prying eyes.'),
  ('https://rclone.org/', 'Rclone', FALSE, 'Cloud Storage', 'Rclone is a command line program to manage files on cloud storage. It is a feature rich alternative to cloud vendors'' web storage interfaces and like the tools listed above enables encryption for encrypting files in the cloud.'),
  ('https://restic.net/', 'Restic', FALSE, 'Cloud Storage', 'Restic is also command line program to manage files on various cloud storage providers. Restic uses encryption by default. Few noteworthy features of restic include browsing through storage as git like snapshots at no extra storage cost, deduplication and significant savings through compression.'),
  ('https://alovoa.com/', 'Alovoa', FALSE, 'Dating Apps', 'Free and open-source dating platform that respects your privacy.'),
  ('https://www.scribus.net/', 'Scribus', FALSE, 'Design Tools', 'a free and open-source desktop publishing (DTP) software available for most desktop operating systems. It is designed for layout, typesetting, and preparation of files for professional-quality image-setting equipment. Scribus can also create animated and interactive PDF presentations and forms.'),
  ('https://www.gimp.org/', 'GIMP', FALSE, 'Design Tools', 'A free and open-source raster graphics editor used for image manipulation (retouching) and image editing, free-form drawing, transcoding between different image file formats, and more specialized tasks. It is not designed to be used for drawing, though some artists and creators have used it in this way.'),
  ('https://inkscape.org/', 'Inkscape', FALSE, 'Design Tools', 'A free and open-source vector graphics editor for GNU/Linux, Windows and macOS. It offers a rich set of features and is widely used for both artistic and technical illustrations such as cartoons, clip art, logos, typography, diagramming and flowcharting.'),
  ('https://krita.org/', 'Krita', FALSE, 'Design Tools', 'A free and open-source raster graphics editor designed primarily for digital art and 2D animation.'),
  ('https://github.com/excalidraw/excalidraw', 'Excalidraw', FALSE, 'Design Tools', 'Virtual whiteboard for sketching hand-drawn like diagrams.'),
  ('https://penpot.app/', 'Penpot', FALSE, 'Design Tools', 'Penpot is an Open Source design and prototyping platform for product teams.'),
  ('https://forwardemail.net/', 'Forward Email', FALSE, 'Email', 'the 100% open-source and privacy-focused email service.'),
  ('https://protonmail.com/', 'ProtonMail', FALSE, 'Email', 'Secure Email. Based in Switzerland.'),
  ('https://tuta.com/', 'Tuta', FALSE, 'Email', 'Secure email for everybody. Open Source.'),
  ('https://riseup.net/en/about-us', 'Riseup', FALSE, 'Email', 'Online communication tools for people and groups working on liberatory social change.'),
  ('https://mailfence.com/', 'Mailfence', FALSE, 'Email', 'Secure and private email.'),
  ('https://github.com/docker-mailserver/docker-mailserver', 'Docker mail server', FALSE, 'Email', 'A fullstack but simple mail server (SMTP, IMAP, LDAP, Antispam, Antivirus, etc.) using Docker.'),
  ('https://github.com/mailcow/mailcow-dockerized', 'Mailcow: dockerized', FALSE, 'Email', 'The mailserver suite with the ''moo''.'),
  ('https://github.com/mail-in-a-box/mailinabox', 'Mail-in-a-box', FALSE, 'Email', 'Mail-in-a-Box helps individuals take back control of their email by defining a one-click, easy-to-deploy SMTP+everything else server: a mail server in a box.'),
  ('https://github.com/mjl-/mox', 'Mox', FALSE, 'Email', 'Modern full-featured open source secure mail server for low-maintenance self-hosted email.'),
  ('https://github.com/M66B/FairEmail', 'FairEmail', FALSE, 'Email', 'Fully featured, open source, privacy friendly email app for Android.'),
  ('https://k9mail.app/', 'K9', FALSE, 'Email', 'Open Source Email App for Android.'),
  ('https://www.thunderbird.net/', 'Thunderbird', FALSE, 'Email', 'A free customizable open source email client.'),
  ('https://github.com/simple-login/app', 'SimpleLogin', FALSE, 'Email', 'With email aliases, you can finally create a different identity for each website. Defend against spams, phishing and data breach. You can choose self-hosting or you can also use their own platform as a service.'),
  ('https://github.com/anonaddy/anonaddy', 'AnonAddy', FALSE, 'Email', 'With email aliases, you can finally create a different identity for each website. Defend against spams, phishing and data breach. You can choose self-hosting or you can also use their own platform as a service.'),
  ('https://blaze.now.sh/', 'Blaze', FALSE, 'File Sharing', 'A fast, p2p and radically different way to transfer files.'),
  ('https://github.com/blindnet-io/blindsend', 'Blindsend', FALSE, 'File Sharing', 'Open source tool for private, end-to-end encrypted file exchange.'),
  ('https://github.com/schollz/croc', 'Croc', FALSE, 'File Sharing', 'Easily and securely send things from one computer to another.'),
  ('https://github.com/tom-james-watson/dat-cp', 'Dat-cp', FALSE, 'File Sharing', 'Copy files between hosts on a network using the peer-to-peer Dat network.'),
  ('https://leastauthority.com/community-matters/destiny/', 'Destiny', FALSE, 'File Sharing', 'Send files directly to the receiver in real-time. Developed for and with HROs as a free Privacy Enhancing Technology alternative.'),
  ('https://framagit.org/fiat-tux/hat-softwares/lufi', 'Lufi', FALSE, NULL, 'Let''s Upload that FIle — File sharing software.'),
  ('https://localsend.org/', 'Localsend', FALSE, 'File Sharing', 'Share files to nearby devices. Free, open source, cross-platform.'),
  ('https://github.com/magic-wormhole/magic-wormhole', 'Magic Wormhole', FALSE, 'File Sharing', 'Get things from one computer to another, safely.'),
  ('https://github.com/micahflee/onionshare', 'OnionShare', FALSE, 'File Sharing', 'An open source tool that lets you securely and anonymously share files, host websites, and chat with friends using the Tor network.'),
  ('https://github.com/paperless-ngx/paperless-ngx', 'Paperless-ngx', FALSE, 'File Sharing', 'A community-supported supercharged version of paperless based on paperless-ng'),
  ('https://github.com/schlagmichdoch/PairDrop', 'PairDrop', FALSE, 'File Sharing', 'An improved version of Snapdrop that also allows you to pair devices and share files outside your network.'),
  ('https://github.com/SpatiumPortae/portal', 'Portal', FALSE, 'File Sharing', 'A command-line file transfer utility for sending encrypted files from any computer to another.'),
  ('https://github.com/claudiodangelis/qrcp', 'QRcp', FALSE, 'File Sharing', 'Transfer files over wifi from your computer to your mobile device by scanning a QR code without leaving the terminal.'),
  ('https://gitlab.com/timvisee/send', 'Send', FALSE, 'File Sharing', 'Simple, private file sharing. (Mozilla Send Fork)'),
  ('https://github.com/marchellodev/sharik', 'Sharik', FALSE, 'File Sharing', 'Sharik works with Wi-Fi connection or Tethering (Wi-Fi Hotspot). No internet connection needed. Available for Android, iOS, Linux, MacOS & Windows.'),
  ('https://github.com/RobinLinus/snapdrop', 'Snapdrop', FALSE, 'File Sharing', 'A Progressive Web App for local file sharing inspired by Apple''s Airdrop.'),
  ('https://winden.app/', 'Winden', FALSE, 'File Sharing', 'A convenient version of Magic Wormhole you can use from within your browser. No need to install an app.'),
  ('https://github.com/jhaals/yopass', 'Yopass', FALSE, 'File Sharing', 'Secure sharing of secrets, passwords and files.'),
  ('https://codeberg.org/jannis/FitoTrack', 'Fitotrack', FALSE, 'Fitness and Health', 'A privacy oriented fitness tracker for Android.'),
  ('https://github.com/OpenTracksApp/OpenTracks', 'OpenTracks', FALSE, 'Fitness and Health', 'OpenTracks is a sport tracking application that completely respects your privacy.'),
  ('https://codeberg.org/Freeyourgadget/Gadgetbridge', 'Gadgetbridge', FALSE, 'Fitness and Health', 'A free and cloudless replacement for your gadget vendors'' closed source Android applications.'),
  ('https://wger.de/en/software/features', 'wger', FALSE, 'Fitness and Health', 'A free, open source, self-hosted web application that manages your exercises, workouts and nutrition.'),
  ('https://github.com/Vincenius/workout-lol', 'workout.lol', FALSE, 'Fitness and Health', 'A small web application to create workouts based on your available equipment and the muscles you want to train that you can selfhost.'),
  ('https://world.openfoodfacts.org/', 'OpenFoodFacts', FALSE, 'Fitness and Health', 'Open Food Facts is a food products database made by everyone, for everyone. You can use it to make better food choices.'),
  ('https://typebot.io/', 'TypeBot', FALSE, 'Forms', 'Open-source conversational forms.'),
  ('https://cryptpad.fr/form/', 'CryptPad Forms', FALSE, 'Forms', 'Part of the Cryptpad end-to-end encrypted and open-source collaboration suite.'),
  ('https://framaforms.org/', 'FramaForms', FALSE, 'Forms', 'Design your online surveys easily while respecting your audience.'),
  ('https://mycroft.ai/', 'Mycroft', FALSE, 'Home Assistants', 'The Private and Open Voice Assistant.'),
  ('https://www.home-assistant.io/', 'Home Assistant', FALSE, 'Home Assistants', 'Open source home automation that puts local control and privacy first.'),
  ('https://github.com/AUTOMATIC1111/stable-diffusion-webui', 'Stable Diffusion', FALSE, 'Image Generation', 'High-Resolution Image Synthesis with Latent Diffusion Models.'),
  ('https://matrix.org/', 'Matrix', FALSE, 'Instant Messaging', 'An open network for secure, decentralized communication.'),
  ('https://xmpp.org/', 'Jabber / XMPP', FALSE, 'Instant Messaging', 'The universal and open messaging standard. Tried and tested. Independent. Privacy-focused. E2E encrypted.'),
  ('https://delta.chat/', 'DeltaChat', FALSE, 'Instant Messaging', 'Chat over encrypted e-mail.'),
  ('https://getsession.org/', 'Session', FALSE, 'Instant Messaging', 'Extreme focus on privacy and anonymity. Blockchain technology.'),
  ('https://simplex.chat/', 'SimpleX Chat', FALSE, 'Instant Messaging', 'The first chat platform that is 100% private by design - it has no access to your connection graph.'),
  ('https://status.im/', 'Status', FALSE, 'Instant Messaging', 'Status is a secure messaging app, crypto wallet, and Web3 browser built with state of the art technology.'),
  ('https://threema.ch/en', 'Threema', FALSE, 'Instant Messaging', 'The messenger that puts security and privacy first. Pay once, chat forever. No collection of user data. Open Source client.'),
  ('https://signal.org/', 'Signal', FALSE, 'Instant Messaging', 'Extreme focus on privacy, combined with all of the features you expect. Strong encryption by design. 100% Open Source.'),
  ('https://tox.chat/', 'Tox', FALSE, 'Instant Messaging', 'Tox is easy-to-use software that connects you with friends and family without anyone else listening in.'),
  ('https://briarproject.org/', 'Briar', FALSE, 'Instant Messaging', 'Peer-to-peer encrypted messaging and forums.'),
  ('https://github.com/maqp/tfc', 'Tinfoil Chat', FALSE, 'Instant Messaging', 'Onion-routed, endpoint secure messaging system.'),
  ('https://berty.tech/', 'Berty', FALSE, 'Instant Messaging', 'The privacy-first messaging app that works with or without internet access, cellular data or trust in the network.'),
  ('https://keyoxide.org/', 'Keyoxide', FALSE, 'Instant Messaging', 'A modern, secure and privacy-friendly platform to establish your decentralized online identity.'),
  ('https://github.com/EddieHubCommunity/BioDrop', 'BioDrop', FALSE, 'Instant Messaging', 'Connect to your audience with a single link. Showcase the content you create and your projects in one place. Make it easier for people to find, follow and subscribe.'),
  ('https://linkstack.org/', 'LinkStack', FALSE, 'Instant Messaging', 'Self-hosted open-source Linktree alternative.'),
  ('https://apps.nextcloud.com/apps/phonetrack', 'Nextcloud Phonetrack', FALSE, 'Location Tracking', 'Nextcloud app to track location history with an Android app (other apps also supported). Supports caching positions offline and sending them to the server in batches. The first-party app has good battery saving options.'),
  ('https://owntracks.org/', 'OwnTracks', FALSE, 'Location Tracking', 'Location tracking for displaying the current location only (limited location history functionality).'),
  ('https://www.traccar.org/', 'Traccar', FALSE, 'Location Tracking', 'Location tracking software made for dedicated GPS logging devices.'),
  ('https://github.com/Freika/dawarich', 'Dawarich', FALSE, 'Location Tracking', 'Self-hosted alternative to Google Location History.'),
  ('https://gitlab.com/Nulide/findmydevice', 'Find My Device', FALSE, 'Location Tracking', 'Find your Android Device via SMS.'),
  ('https://github.com/mendhak/gpslogger', 'GPSlogger', FALSE, 'Location Tracking', 'Lightweight GPS Logging Application For Android. No servers, no internet. Saved to a simple file to local storage.'),
  ('https://www.openstreetmap.org/', 'Open Street Map (OSM)', FALSE, 'Maps and Nav', 'OpenStreetMap is built by a community of mappers that contribute and maintain data about roads, trails, cafés, railway stations, and much more, all over the world.'),
  ('https://osmand.net/', 'OSMAnd', FALSE, 'Maps and Nav', 'Android/iOS Navigation app using OSM. It is a feature-rich app with all you expect.'),
  ('https://map.qwant.com/', 'Qwant Maps', FALSE, 'Maps and Nav', 'An OpenStreetMap-based private Google Maps alternative.'),
  ('https://organicmaps.app/', 'Organic Maps', FALSE, 'Maps and Nav', 'Great offline maps for hikers and cyclists.'),
  ('https://gitlab.com/ngrob/bluemoon-android', 'Bluemoon', FALSE, 'Menstrual Cycle Trackers', 'Open source, privacy friendly menstruation tracking app. Your period, your data!'),
  ('https://dripapp.org/', 'Drip', FALSE, 'Menstrual Cycle Trackers', 'Menstrual cycle and fertility tracking. Everything you enter stays on your device.'),
  ('https://eukiapp.org/', 'Euki', FALSE, 'Menstrual Cycle Trackers', 'The period tracker that doesn''t track you.'),
  ('https://github.com/wildeyedskies/log28', 'log28', FALSE, 'Menstrual Cycle Trackers', 'a (very) simple no-frills period tracker for Android.'),
  ('https://github.com/arnowelzel/periodical', 'Periodical', FALSE, 'Menstrual Cycle Trackers', 'A calendar to track your menstruation and calculate possible fertile days.'),
  ('https://github.com/marin-m/SongRec', 'SongRec', FALSE, 'Music Recognition', 'An open-source Shazam client for Linux, written in Rust.'),
  ('https://github.com/smcclennon/SongID', 'SongID Telegram Bot', FALSE, 'Music Recognition', 'A Telegram bot that can identify music in audio/video files you send it.'),
  ('https://funkwhale.audio/', 'Funkwhale', FALSE, 'Music Streaming', 'A social platform to enjoy and share music.'),
  ('https://www.subsonic.org/pages/index.jsp', 'Subsonic', FALSE, 'Music Streaming', 'Your complete, personal music streamer.'),
  ('https://ampache.org/', 'Ampache', FALSE, 'Music Streaming', 'A web based audio/video streaming application and file manager.'),
  ('https://koel.dev/', 'Koel', FALSE, 'Music Streaming', 'a personal music streaming server that works.'),
  ('https://nuclear.js.org/', 'Nuclear', FALSE, 'Music Streaming', 'Modern music player focused on streaming from free sources.'),
  ('https://navidrome.org/', 'NaviDrome', FALSE, 'Music Streaming', 'Lightweight, fast and self-contained personal music streamer.'),
  ('https://github.com/moritz-weber/mucke', 'Mucke', FALSE, 'Music Streaming', 'A music player for local files with unique custom playback options.'),
  ('https://github.com/snuffyDev/Beatbump', 'BeatPump', FALSE, 'Music Streaming', 'Alternative frontend for YouTube Music; no ads and custom API wrapper.'),
  ('https://github.com/vfsfitvnm/ViMusic', 'ViMusic', FALSE, 'Music Streaming', '[Unmantained] A Jetpack Compose Android application for streaming music from YouTube Music.'),
  ('https://www.libreoffice.org/', 'LibreOffice', FALSE, 'Office', 'Free and open source offline office.'),
  ('https://www.onlyoffice.com/', 'OnlyOffice', FALSE, 'Office', 'Free and open source online office for collaboration.'),
  ('https://cryptpad.fr/form//', 'Cryptpad', FALSE, 'Office', 'Collaboration suite, encrypted and open-source.'),
  ('https://etherpad.org/', 'Etherpad', FALSE, 'Office', 'Highly customizable open source online editor providing collaborative editing in really real-time.'),
  ('https://bitwarden.com/', 'Bitwarden', FALSE, 'Password Managers', 'An open source cloud based password manager.'),
  ('https://keepassxc.org/', 'KeepassXC', FALSE, 'Password Managers', 'Securely store passwords using industry standard encryption, no sync just storage.'),
  ('https://www.lesspass.com/', 'LessPass', FALSE, 'Password Managers', 'Stateless password manager. Remember one master password to access your passwords. No sync needed.'),
  ('https://padloc.app/', 'Padloc', FALSE, 'Password Managers', 'The last password manager you''ll ever want to use.'),
  ('https://www.passbolt.com/', 'Passbolt', FALSE, 'Password Managers', 'An open source password manager designed for team collaboration.'),
  ('https://passky.org/', 'Passky', FALSE, 'Password Managers', 'Simple, modern, lightweight, open-source and secure password manager.'),
  ('https://proton.me/pass', 'Proton Pass', FALSE, 'Password Managers', 'Open-source and encrypted password manager by Proton.'),
  ('https://crypt.fyi/', 'crypt.fyi', FALSE, 'Password Managers', 'Ephemeral zero-knowledge sensitive data sharing platform with web, cli, and chrome-extension clients'),
  ('https://github.com/bokub/nopaste', 'NoPaste', FALSE, 'Password Managers', 'Open Source pastebin alternative that works with no database, and no back-end code. Instead, the data is compressed and stored entirely in the link that you share, nowhere else.'),
  ('https://github.com/PrivateBin/PrivateBin', 'PrivateBin', FALSE, 'Password Managers', 'A minimalist, open source online pastebin where the server has zero knowledge of pasted data. Data is encrypted/decrypted in the browser using 256 bits AES.'),
  ('https://antennapod.org/', 'Antennapod', FALSE, 'Podcast', 'A podcast player that is completely open. Subscribe to any RSS feed.'),
  ('https://castopod.org/', 'Castopod', FALSE, 'Podcast', 'Self-host your podcasts with ease, keep control over what you create and talk to your audience without any middleman. Your podcast and your audience belong to you and you only.'),
  ('https://github.com/pablouser1/ProxiTok', 'ProxiTok', FALSE, 'TikTok', NULL),
  ('https://maglit.me/', 'Maglit', FALSE, 'URL Shortener', 'An encrypted and privacy respecting Link Shortener service that also supports Magnet Links'),
  ('https://github.com/dubinc/dub', 'Dub', FALSE, 'URL Shortener', 'You can self-host Dub.co for greater control over your data and design'),
  ('https://yourls.org/', 'Yourls', FALSE, 'URL Shortener', 'Self hosted URL shortener in PHP'),
  ('https://jellyfin.org/', 'JellyFin', FALSE, 'Video Streaming', 'Jellyfin is the volunteer-built media solution that puts you in control of your media. Stream to any device from your own server, with no strings attached.'),
  ('https://github.com/Dusk-Labs/dim', 'Dim', FALSE, 'Video Streaming', 'Dim is a self-hosted media manager. With minimal setup, Dim will organize and beautify your media collections, letting you access and play them anytime from anywhere.'),
  ('https://www.stremio.com/', 'Stremio', FALSE, 'Video Streaming', 'Stremio is a modern media center that''s a one-stop solution for your video entertainment.');

INSERT INTO Threat (SiteID, ThreatID) VALUES
  (3, 1), (3, 2), (3,3), (3,4),
  (4, 1), (4, 2), (4, 4),
  (5, 1), (5, 2), (5, 3),
  (11, 1),
  (12, 1),
  (13, 1),
  (14, 1),
  (15, 1), (15, 3),
  (16, 3),
  (17, 1),
  (18, 1),
  (19, 1),
  (20, 1),
  (21, 1);

COMMIT;